holdout_season,model_name,log_loss,brier_score,accuracy,n_games,accuracy_conf_55,coverage_conf_55,accuracy_conf_60,coverage_conf_60,accuracy_conf_65,coverage_conf_65
2022,random_forest,0.6868231824177334,0.24683803138921112,0.5405742821473158,801.0,0.5706666666666667,0.4681647940074906,0.5905511811023622,0.1585518102372035,0.6086956521739131,0.02871410736579276
2023,random_forest,0.6935115400978817,0.2501421385012903,0.515,800.0,0.5390428211586902,0.49625,0.5985915492957746,0.1775,0.4838709677419355,0.03875
2024,logistic,0.6932434286401704,0.24981136393155828,0.5330634278002699,741.0,0.5509259259259259,0.582995951417004,0.5663265306122449,0.26450742240215924,0.5764705882352941,0.11470985155195682
2025,random_forest,0.6825163794440678,0.24471611023297293,0.5495251017639078,737.0,0.6153846153846154,0.45861601085481685,0.64,0.13568521031207598,0.52,0.033921302578018994
