variant,model_name,mean_log_loss,std_log_loss,mean_brier_score,mean_accuracy,mean_accuracy_conf_60,mean_coverage_conf_60,mean_feature_count
volatility_only,random_forest,0.6796817540332505,0.0014831052620382524,0.243357462418115,0.5646526550991122,0.6449788113922267,0.20782265124358348,210.5
pythag_only,random_forest,0.6797596438229944,0.0013207737545164798,0.24338935049269694,0.5649607162037975,0.6428294533923109,0.20786752954997773,213.5
baseline,random_forest,0.6798157301071038,0.001217484553917308,0.24342028796493903,0.5632561150549806,0.6482703179671324,0.20505917740490726,208.5
scoring_only,random_forest,0.6799717651099222,0.0011145402494063795,0.2434951099254472,0.5630944454488666,0.6451404713552511,0.2070293392911297,220.5
