holdout_season,model_name,log_loss,brier_score,accuracy,n_games,accuracy_conf_55,coverage_conf_55,accuracy_conf_60,coverage_conf_60,accuracy_conf_65,coverage_conf_65
2022,random_forest_shallow,0.6782273203196977,0.24257333383802093,0.5790123456790124,2430.0,0.6187845303867403,0.5213991769547325,0.6317991631799164,0.19670781893004116,0.6635514018691588,0.044032921810699586
2023,random_forest,0.6815491981097311,0.24425551034368564,0.5621399176954732,2430.0,0.5949269792467333,0.5353909465020577,0.6340996168582376,0.21481481481481482,0.6715328467153284,0.056378600823045265
2024,random_forest,0.681720278792472,0.24433981469989155,0.568546727048168,2429.0,0.6056808688387636,0.49279538904899134,0.6297169811320755,0.1745574310415809,0.66,0.04116920543433512
2025,random_forest_shallow,0.6797969345022598,0.24345139707355118,0.5580246913580247,2430.0,0.6141732283464567,0.4181069958847737,0.6913946587537092,0.13868312757201645,0.7951807228915663,0.034156378600823045
