model_name,mean_log_loss,mean_brier_score,mean_accuracy,mean_accuracy_conf_60,mean_coverage_conf_60
random_forest_shallow,0.6804723800496306,0.24373702333462427,0.5638434841684922,0.6531650410345015,0.1590661197769747
random_forest,0.6806144922707623,0.2438018332760638,0.5651819492517539,0.6381034703105962,0.2006352425340578
extra_trees,0.681914241012877,0.24444204376383677,0.5600357562173124,0.65534862308758,0.11451544861727378
logistic,0.7069220509328853,0.25382711102950767,0.5530388125649093,0.5778044775498727,0.500865908678909
