holdout_season,model_name,home_mae,away_mae,total_mae,total_rmse,total_within_1,total_within_2,total_within_3,run_diff_mae,n_games
2022,catboost_regressor,2.4518439327677743,2.4595725991565427,3.4958193699903513,4.400898212427913,0.17530864197530865,0.3493827160493827,0.49794238683127573,3.3705535229738426,2430.0
2023,catboost_regressor,2.4623716462212926,2.4852465544299798,3.5563725526300067,4.511000275090912,0.1699588477366255,0.3497942386831276,0.5012345679012346,3.459632729733059,2430.0
2024,catboost_regressor,2.3394515173222934,2.4295959380844465,3.2846399984760053,4.162142751485128,0.20049403046521203,0.3701111568546727,0.5269658295594895,3.41433684679648,2429.0
2025,catboost_regressor,2.3917468571503697,2.597538237871693,3.527597052818377,4.463437005329931,0.1617283950617284,0.3337448559670782,0.49588477366255146,3.495712539272898,2430.0
