holdout_season,model_name,log_loss,brier_score,accuracy,n_games,accuracy_conf_55,coverage_conf_55,accuracy_conf_60,coverage_conf_60,accuracy_conf_65,coverage_conf_65
2022,random_forest_shallow,0.6776207965517396,0.24230572070481135,0.5740740740740741,2430.0,0.6196943972835314,0.48477366255144033,0.6631578947368421,0.15637860082304528,0.58,0.0205761316872428
2023,random_forest,0.6817111390981749,0.24436572941393514,0.5621399176954732,2430.0,0.583941605839416,0.5074074074074074,0.639412997903564,0.1962962962962963,0.75,0.04609053497942387
2024,random_forest,0.67892740117507,0.24295837497083775,0.5726636475916015,2429.0,0.6173913043478261,0.4734458624948539,0.6577017114914425,0.16838205022643063,0.6593406593406593,0.037463976945244955
2025,random_forest,0.679730691481685,0.2434048124683492,0.5584362139917696,2430.0,0.6031224322103533,0.5008230452674897,0.6523702031602708,0.18230452674897119,0.7232142857142857,0.04609053497942387
