holdout_season,model_name,log_loss,brier_score,accuracy,n_games,accuracy_conf_55,coverage_conf_55,accuracy_conf_60,coverage_conf_60,accuracy_conf_65,coverage_conf_65
2022,soft_voting,0.6766115000880762,0.24180518739255122,0.5781893004115226,2430.0,0.6102941176470589,0.5596707818930041,0.6395759717314488,0.23292181069958848,0.6209677419354839,0.05102880658436214
2023,soft_voting,0.6797248244384623,0.243385987468551,0.5617283950617284,2430.0,0.5996908809891809,0.5325102880658437,0.6709677419354839,0.19135802469135801,0.7294117647058823,0.03497942386831276
2024,catboost_lr02,0.6781013287537366,0.24261019410510032,0.5664882667764513,2429.0,0.598576512455516,0.5784273363524084,0.6463768115942029,0.28406751749691234,0.6741573033707865,0.10992177850967476
2025,soft_voting,0.6781756056875404,0.2426384234978072,0.5695473251028806,2430.0,0.6182937554969217,0.4679012345679012,0.6612903225806451,0.15308641975308643,0.8305084745762712,0.0242798353909465
