feature_set,holdout_season,feature_count,model_name,log_loss,brier_score,accuracy,n_games,accuracy_conf_55,coverage_conf_55,accuracy_conf_60,coverage_conf_60,accuracy_conf_65,coverage_conf_65
baseline,2022,160,random_forest,0.6778683291283254,0.2424381667102903,0.5761316872427984,2430.0,0.6110671936758894,0.5205761316872428,0.6528066528066528,0.1979423868312757,0.6694915254237288,0.048559670781893
baseline,2023,162,random_forest,0.6817111390981749,0.2443657294139352,0.5621399176954732,2430.0,0.583941605839416,0.5074074074074074,0.639412997903564,0.1962962962962963,0.75,0.04609053497942387
baseline,2024,162,random_forest,0.6789274011750701,0.24295837497083775,0.5726636475916015,2429.0,0.6173913043478261,0.4734458624948539,0.6577017114914425,0.16838205022643063,0.6593406593406593,0.037463976945244955
baseline,2025,162,random_forest,0.679730691481685,0.2434048124683492,0.5584362139917696,2430.0,0.6031224322103533,0.5008230452674897,0.6523702031602708,0.18230452674897119,0.7232142857142857,0.04609053497942387
expected_runs_random_forest_regressor,2022,160,random_forest,0.6778683291283254,0.2424381667102903,0.5761316872427984,2430.0,0.6110671936758894,0.5205761316872428,0.6528066528066528,0.1979423868312757,0.6694915254237288,0.048559670781893
expected_runs_random_forest_regressor,2023,166,random_forest,0.6824985711826488,0.24473498991821324,0.5534979423868313,2430.0,0.5965327029156816,0.5222222222222223,0.6316793893129771,0.21563786008230454,0.6388888888888888,0.05925925925925926
expected_runs_random_forest_regressor,2024,166,random_forest,0.678464599543444,0.2427481843568806,0.5689584191025113,2429.0,0.6153846153846154,0.4977356937011116,0.6352201257861635,0.1963771099217785,0.7086614173228346,0.052284890901605596
expected_runs_random_forest_regressor,2025,166,random_forest,0.6797019036306777,0.24340410674577534,0.5555555555555556,2430.0,0.5940438871473355,0.5251028806584362,0.6666666666666666,0.2111111111111111,0.6956521739130435,0.0662551440329218
