model_name,mean_log_loss,mean_brier_score,mean_accuracy,mean_accuracy_conf_60,mean_coverage_conf_60
random_forest,0.6795593902208139,0.2432917708908531,0.5673428666304107,0.6505728913404826,0.18623131502574347
catboost,0.6836607490479759,0.24513242171991168,0.563123277204289,0.6099663640492655,0.3720494132117571
xgboost,0.6938648906404321,0.24933137293826246,0.5625065015154672,0.5963011460517674,0.48286293704161143
lightgbm,0.720478822490688,0.2588535908009233,0.5528344066128248,0.5775273930662512,0.5764931884448374
