variant,bucket,n_total,n_scored,n_hits,accuracy
raw_pred_total,pass,3058,2943,1449,0.4923547400611621
raw_pred_total,lean,3956,3823,1977,0.5171331415119016
raw_pred_total,strong,1923,1858,1084,0.5834230355220668
raw_pred_total,actionable,5879,5681,3061,0.5388135891568386
rolling_calibrated,pass,3118,3013,1506,0.49983405243942913
rolling_calibrated,lean,4043,3890,2044,0.5254498714652956
rolling_calibrated,strong,1776,1721,1020,0.5926786751888437
rolling_calibrated,actionable,5819,5611,3064,0.5460702192122616
