holdout_season,model_name,log_loss,brier_score,accuracy,n_games,accuracy_conf_55,coverage_conf_55,accuracy_conf_60,coverage_conf_60,accuracy_conf_65,coverage_conf_65
2022,random_forest,0.6780190860688468,0.2425006309242745,0.5674897119341564,2430.0,0.6047516198704104,0.571604938271605,0.6429906542056075,0.22016460905349794,0.6397058823529411,0.05596707818930041
2023,random_forest,0.6820654089474641,0.2445238616829558,0.5563786008230452,2430.0,0.5949166004765687,0.5181069958847737,0.6341463414634146,0.20246913580246914,0.6717557251908397,0.053909465020576135
2024,random_forest,0.6776677589381147,0.242363780961352,0.5677233429394812,2429.0,0.6174773289365211,0.49938246191848495,0.6458797327394209,0.18484973240016467,0.7027027027027027,0.04569781803211198
2025,random_forest,0.6820844747120202,0.24456830009641323,0.551440329218107,2430.0,0.593141075604053,0.5279835390946502,0.6430020283975659,0.202880658436214,0.6778523489932886,0.06131687242798354
