holdout_season,model_name,log_loss,brier_score,accuracy,n_games,accuracy_conf_55,coverage_conf_55,accuracy_conf_60,coverage_conf_60,accuracy_conf_65,coverage_conf_65
2022,random_forest,0.676853952411767,0.24192689187646638,0.5835390946502058,2430.0,0.6160572337042926,0.5176954732510288,0.6536203522504892,0.2102880658436214,0.6454545454545455,0.04526748971193416
2023,calibrated_random_forest,0.6804018489548933,0.2437242183618707,0.5613168724279836,2430.0,0.5901398086828551,0.5592592592592592,0.6436567164179104,0.2205761316872428,0.7295081967213115,0.050205761316872426
2024,calibrated_random_forest,0.6788891545904866,0.24296285766196338,0.5640181144503911,2429.0,0.6097359735973598,0.49897076986414163,0.6373165618448637,0.1963771099217785,0.7053571428571429,0.04610951008645533
2025,random_forest,0.6800010234236089,0.2435456772349708,0.5604938271604938,2430.0,0.6023102310231023,0.49876543209876545,0.6530612244897959,0.1814814814814815,0.7636363636363637,0.04526748971193416
