model_name,mean_log_loss,mean_brier_score,mean_accuracy,mean_accuracy_conf_60,mean_coverage_conf_60
random_forest,0.6793855431432032,0.2432038539622832,0.5690916260480782,0.6479825197769463,0.19137619505054665
calibrated_random_forest,0.6799872936928694,0.24351590076831045,0.5625065862257665,0.6499593654515454,0.1863370758343541
random_forest_shallow,0.6801188564877724,0.2435607720949348,0.5667247355768009,0.6820388893519352,0.12799395846145767
