feature_set,holdout_season,feature_count,model_name,log_loss,brier_score,accuracy,n_games,accuracy_conf_55,coverage_conf_55,accuracy_conf_60,coverage_conf_60,accuracy_conf_65,coverage_conf_65
baseline,2022,160,random_forest,0.6778683291283254,0.2424381667102903,0.5761316872427984,2430.0,0.6110671936758894,0.5205761316872428,0.6528066528066528,0.1979423868312757,0.6694915254237288,0.048559670781893
baseline,2023,162,random_forest,0.6817111390981749,0.2443657294139352,0.5621399176954732,2430.0,0.583941605839416,0.5074074074074074,0.639412997903564,0.1962962962962963,0.75,0.04609053497942387
baseline,2024,162,random_forest,0.67892740117507,0.24295837497083775,0.5726636475916015,2429.0,0.6173913043478261,0.4734458624948539,0.6577017114914425,0.16838205022643063,0.6593406593406593,0.037463976945244955
baseline,2025,162,random_forest,0.679730691481685,0.2434048124683492,0.5584362139917696,2430.0,0.6031224322103533,0.5008230452674897,0.6523702031602708,0.18230452674897119,0.7232142857142857,0.04609053497942387
expected_runs_ridge,2022,160,random_forest,0.6778683291283254,0.2424381667102903,0.5761316872427984,2430.0,0.6110671936758894,0.5205761316872428,0.6528066528066528,0.1979423868312757,0.6694915254237288,0.048559670781893
expected_runs_ridge,2023,166,random_forest,0.6818874063070216,0.24444162024292157,0.5596707818930041,2430.0,0.5749211356466877,0.5218106995884774,0.6551059730250481,0.21358024691358024,0.6744186046511628,0.05308641975308642
expected_runs_ridge,2024,166,random_forest,0.6779408360454375,0.24248365449785056,0.5644298065047345,2429.0,0.6134521880064829,0.5080279950596953,0.6523702031602708,0.18237958007410457,0.6804123711340206,0.03993412927130506
expected_runs_ridge,2025,166,random_forest,0.6812378453594149,0.2441566000154978,0.5539094650205761,2430.0,0.5955993930197269,0.5423868312757202,0.656441717791411,0.20123456790123456,0.7459016393442623,0.050205761316872426
