feature_set,holdout_season,feature_count,model_name,log_loss,brier_score,accuracy,n_games,accuracy_conf_55,coverage_conf_55,accuracy_conf_60,coverage_conf_60,accuracy_conf_65,coverage_conf_65,baseline_log_loss,baseline_brier_score,baseline_accuracy,baseline_accuracy_conf_60,baseline_coverage_conf_60,log_loss_delta_vs_baseline,brier_score_delta_vs_baseline,accuracy_delta_vs_baseline,accuracy_conf_60_delta_vs_baseline,coverage_conf_60_delta_vs_baseline
expected_runs_ridge,2022,160,random_forest,0.6778683291283254,0.2424381667102903,0.5761316872427984,2430.0,0.6110671936758894,0.5205761316872428,0.6528066528066528,0.1979423868312757,0.6694915254237288,0.048559670781893,0.6778683291283254,0.2424381667102903,0.5761316872427984,0.6528066528066528,0.1979423868312757,0.0,0.0,0.0,0.0,0.0
expected_runs_ridge,2023,166,random_forest,0.6818874063070216,0.24444162024292157,0.5596707818930041,2430.0,0.5749211356466877,0.5218106995884774,0.6551059730250481,0.21358024691358024,0.6744186046511628,0.05308641975308642,0.6817111390981749,0.2443657294139352,0.5621399176954732,0.639412997903564,0.1962962962962963,0.0001762672088466699,7.589082898637467e-05,-0.0024691358024691024,0.015692975121484154,0.01728395061728394
expected_runs_ridge,2024,166,random_forest,0.6779408360454375,0.24248365449785056,0.5644298065047345,2429.0,0.6134521880064829,0.5080279950596953,0.6523702031602708,0.18237958007410457,0.6804123711340206,0.03993412927130506,0.67892740117507,0.24295837497083775,0.5726636475916015,0.6577017114914425,0.16838205022643063,-0.0009865651296324662,-0.000474720472987189,-0.008233841086866978,-0.005331508331171686,0.01399752984767394
expected_runs_ridge,2025,166,random_forest,0.6812378453594149,0.2441566000154978,0.5539094650205761,2430.0,0.5955993930197269,0.5423868312757202,0.656441717791411,0.20123456790123456,0.7459016393442623,0.050205761316872426,0.679730691481685,0.2434048124683492,0.5584362139917696,0.6523702031602708,0.18230452674897119,0.0015071538777299276,0.000751787547148608,-0.004526748971193428,0.004071514631140194,0.018930041152263377
