pred_bucket,n,mean_pred,mean_market,mean_actual,actual_over_rate,pred_minus_market,pred_minus_actual
"(0.0, 7.0]",162,6.736643795432365,7.648148148148148,7.802469135802469,0.42592592592592593,-0.9115043527157827,-1.065825340370104
"(7.0, 7.5]",427,7.299241970395018,7.762295081967213,7.611241217798595,0.42857142857142855,-0.4630531115721954,-0.3119992474035769
"(7.5, 8.0]",1081,7.775244021477455,8.02913968547641,7.858464384828862,0.42183163737280294,-0.25389566399895536,-0.08322036335140659
"(8.0, 8.5]",1682,8.259879750402087,8.160225921521997,8.205707491082045,0.4441141498216409,0.09965382888008989,0.054172259320042215
"(8.5, 9.0]",1804,8.747754989642573,8.406042128603104,8.651330376940132,0.46008869179600886,0.3417128610394684,0.09642461270244063
"(9.0, 9.5]",1446,9.23781464216251,8.578838174273859,8.93015214384509,0.4612724757952974,0.6589764678886514,0.3076624983174199
"(9.5, 10.0]",1021,9.729395436126588,8.693192948090108,9.682664054848187,0.5230166503428012,1.03620248803648,0.046731381278400264
"(10.0, 20.0]",1314,10.83328607195298,8.955859969558599,10.581430745814307,0.5707762557077626,1.8774261023943808,0.25185532613867245
