bucket,n_total,n_scored,n_hits,accuracy
pass,3058,2943,1449,0.4923547400611621
lean,3956,3823,1977,0.5171331415119016
strong,1923,1858,1084,0.5834230355220668
actionable,5879,5681,3061,0.5388135891568386
