variant,bucket,n_total,n_scored,n_hits,accuracy
raw_pred_total,pass,3058,2943,1449,0.4923547400611621
raw_pred_total,lean,3956,3823,1977,0.5171331415119016
raw_pred_total,strong,1923,1858,1084,0.5834230355220668
raw_pred_total,actionable,5879,5681,3061,0.5388135891568386
rolling_calibrated,pass,3185,3072,1514,0.4928385416666667
rolling_calibrated,lean,4014,3866,2017,0.5217278841179513
rolling_calibrated,strong,1738,1686,997,0.5913404507710558
rolling_calibrated,actionable,5752,5552,3014,0.5428674351585014
