holdout_season,model_name,home_mae,away_mae,total_mae,total_rmse,total_within_1,total_within_2,total_within_3,run_diff_mae,n_games
2022,random_forest_regressor,2.450530813924774,2.473920549612296,3.507164107410912,4.411267620385781,0.17818930041152264,0.348559670781893,0.49135802469135803,3.373166618247613,2430.0
2023,ridge,2.4855301410158783,2.5254797898467154,3.5705318209818744,4.546192477895914,0.1814814814814815,0.3522633744855967,0.5012345679012346,3.472396310908269,2430.0
2024,random_forest_regressor,2.340570737931281,2.4425377237375963,3.3282626504723813,4.198816621365711,0.18773157678056812,0.35858377933305885,0.5129682997118156,3.412221795788331,2429.0
2025,ridge,2.4092447598183955,2.6047478718792396,3.533860665263272,4.490473209531194,0.1662551440329218,0.34444444444444444,0.4991769547325103,3.5290087780015473,2430.0
