variant,bucket,n_total,n_scored,n_hits,accuracy
raw_pred_total,pass,3058,2943,1449,0.4923547400611621
raw_pred_total,lean,3956,3823,1977,0.5171331415119016
raw_pred_total,strong,1923,1858,1084,0.5834230355220668
raw_pred_total,actionable,5879,5681,3061,0.5388135891568386
rolling_calibrated,pass,2851,2755,1376,0.49945553539019966
rolling_calibrated,lean,4058,3894,2025,0.5200308166409862
rolling_calibrated,strong,2028,1975,1134,0.5741772151898734
rolling_calibrated,actionable,6086,5869,3159,0.5382518316578634
