holdout_season,model_name,log_loss,brier_score,accuracy,n_games,accuracy_conf_55,coverage_conf_55,accuracy_conf_60,coverage_conf_60,accuracy_conf_65,coverage_conf_65
2022,random_forest_shallow,0.6863087837979102,0.24660286833695527,0.5405742821473158,801.0,0.5795795795795796,0.4157303370786517,0.631578947368421,0.11860174781523096,0.6,0.024968789013732832
2023,random_forest_shallow,0.6893547897923128,0.24808370761286264,0.5575,800.0,0.5693950177935944,0.35125,0.5584415584415584,0.09625,0.6190476190476191,0.02625
2024,random_forest_shallow,0.6841538420691781,0.24555190809247418,0.5668016194331984,741.0,0.5933609958506224,0.3252361673414305,0.6222222222222222,0.06072874493927125,1.0,0.005398110661268556
2025,random_forest_shallow,0.6808744822948426,0.24398296285464724,0.5495251017639078,737.0,0.6199376947040498,0.4355495251017639,0.6987951807228916,0.11261872455902307,0.8461538461538461,0.017639077340569877
2026,random_forest_shallow,0.6909663100507331,0.24893688219678817,0.5474452554744526,274.0,0.5446428571428571,0.40875912408759124,0.5833333333333334,0.08759124087591241,0.8,0.01824817518248175
