holdout_season,model_name,log_loss,brier_score,accuracy,n_games,accuracy_conf_55,coverage_conf_55,accuracy_conf_60,coverage_conf_60,accuracy_conf_65,coverage_conf_65
2022,random_forest,0.6766828583892178,0.24186618337486532,0.571604938271605,2430.0,0.6202229299363057,0.516872427983539,0.6496815286624203,0.19382716049382717,0.6574074074074074,0.044444444444444446
2023,calibrated_random_forest,0.679604417003267,0.2433286562650543,0.5683127572016461,2430.0,0.5973548861131521,0.560082304526749,0.6553030303030303,0.21728395061728395,0.7,0.053497942386831275
2024,calibrated_random_forest,0.6788464851732432,0.24294269164259655,0.5652531906134212,2429.0,0.6118110236220472,0.522848909016056,0.6452905811623246,0.20543433511733222,0.6585365853658537,0.05063812268423219
2025,random_forest,0.6802790558558698,0.2436761821115458,0.554320987654321,2430.0,0.59709911361805,0.5106995884773663,0.6703539823008849,0.1860082304526749,0.6915887850467289,0.044032921810699586
