model_name,mean_log_loss,mean_brier_score,mean_accuracy,mean_accuracy_conf_60,mean_coverage_conf_60
random_forest,0.6798191391740619,0.24342295555892018,0.5618898105369448,0.655905987150913,0.18798037092945835
calibrated_random_forest,0.679987194637889,0.24351353789412233,0.5643585651430673,0.6484728885995836,0.1820170199933248
random_forest_shallow,0.6800852545175364,0.2435421071001369,0.5675487126575823,0.6819413905341101,0.13344811578881383
