holdout_season,model_name,log_loss,brier_score,accuracy,n_games,accuracy_conf_55,coverage_conf_55,accuracy_conf_60,coverage_conf_60,accuracy_conf_65,coverage_conf_65
2025,logistic,0.7135706256543053,0.2581917024205299,0.5473251028806584,486.0,0.5697674418604651,0.7078189300411523,0.5532786885245902,0.5020576131687243,0.5732484076433121,0.3230452674897119
