holdout_season,model_name,log_loss,brier_score,accuracy,n_games,accuracy_conf_55,coverage_conf_55,accuracy_conf_60,coverage_conf_60,accuracy_conf_65,coverage_conf_65
2022,random_forest_shallow,0.6776207965517396,0.24230572070481135,0.5740740740740741,2430.0,0.6196943972835314,0.48477366255144033,0.6631578947368421,0.15637860082304528,0.58,0.0205761316872428
2023,calibrated_random_forest,0.6801124931153162,0.24358143314421335,0.5637860082304527,2430.0,0.5930059523809523,0.5530864197530864,0.644808743169399,0.22592592592592592,0.696551724137931,0.059670781893004114
2024,random_forest,0.6789274011750701,0.24295837497083778,0.5726636475916015,2429.0,0.6173913043478261,0.4734458624948539,0.6577017114914425,0.16838205022643063,0.6593406593406593,0.037463976945244955
2025,random_forest,0.679730691481685,0.24340481246834914,0.5584362139917696,2430.0,0.6031224322103533,0.5008230452674897,0.6523702031602708,0.18230452674897119,0.7232142857142857,0.04609053497942387
