model_name,mean_log_loss,mean_brier_score,mean_accuracy,mean_accuracy_conf_60,mean_coverage_conf_60
random_forest,0.6795593902208139,0.2432917708908531,0.5673428666304107,0.6505728913404826,0.18623131502574347
calibrated_random_forest,0.6798950025226003,0.2434723895786316,0.5639468730887238,0.6383809905602886,0.18613148393808016
random_forest_shallow,0.6803000921931324,0.24364848287444146,0.5652847451998909,0.6722572308872619,0.13097809052820258
