model_name,mean_log_loss,mean_brier_score,mean_accuracy,mean_accuracy_conf_60,mean_coverage_conf_60
random_forest_shallow,0.6862394750140682,0.24660120386001902,0.5466659989358531,0.602789468176586,0.10971521110380769
extra_trees,0.6871249502802315,0.24701851168352285,0.5384627258354489,0.6166463166463166,0.056187300120138485
random_forest,0.687150213637689,0.24701333764988798,0.5424620465636247,0.5934155495042592,0.16022889627011266
elo,0.711840394169281,0.2581274282512386,0.5293960025553897,0.5452777361649808,0.49198452035392953
logistic,0.7278839566011142,0.26192004166617877,0.5298405503877859,0.5612186590016546,0.4852028599443766
