holdout_season,model_name,home_mae,away_mae,total_mae,total_rmse,run_diff_mae,n_games
2022,random_forest_regressor,2.450530813924774,2.473920549612296,3.507164107410912,4.411267620385781,3.373166618247613,2430.0
2023,ridge,2.4855301410158783,2.5254797898467154,3.5705318209818744,4.546192477895914,3.472396310908269,2430.0
2024,random_forest_regressor,2.340570737931281,2.4425377237375963,3.328262650472382,4.198816621365711,3.412221795788331,2429.0
2025,ridge,2.4092447598183955,2.6047478718792396,3.533860665263272,4.490473209531194,3.5290087780015473,2430.0
