holdout_season,model_name,home_mae,away_mae,total_mae,total_rmse,run_diff_mae,n_games
2022,random_forest_regressor,2.450530813924774,2.473920549612296,3.507164107410912,4.411267620385781,3.373166618247613,2430.0
2022,ridge,2.487539810560488,2.514216815156336,3.5621481573743963,4.4699078323803425,3.4366906627903666,2430.0
2023,ridge,2.4855301410158783,2.5254797898467154,3.5705318209818744,4.546192477895914,3.472396310908269,2430.0
2023,random_forest_regressor,2.468106605514773,2.497080913452646,3.582792121866103,4.516177522531711,3.465112211617536,2430.0
2024,random_forest_regressor,2.340570737931281,2.4425377237375963,3.328262650472382,4.198816621365711,3.412221795788331,2429.0
2024,ridge,2.3744898414291855,2.472475418850973,3.348285888698063,4.232281871150772,3.441325803425816,2429.0
2025,ridge,2.4092447598183955,2.6047478718792396,3.533860665263272,4.490473209531194,3.5290087780015473,2430.0
2025,random_forest_regressor,2.408438703912756,2.6128771309408796,3.5837301965973376,4.517959553298832,3.4880560488227568,2430.0
