holdout_season,model_name,log_loss,brier_score,accuracy,n_games,accuracy_conf_55,coverage_conf_55,accuracy_conf_60,coverage_conf_60,accuracy_conf_65,coverage_conf_65
2022,random_forest_shallow,0.6774914430719133,0.24224868309989775,0.5790123456790124,2430.0,0.6136752136752137,0.48148148148148145,0.6666666666666666,0.1580246913580247,0.5961538461538461,0.02139917695473251
2023,random_forest_shallow,0.6818474441219557,0.24442628290069407,0.5596707818930041,2430.0,0.5911789652247668,0.48518518518518516,0.6521739130434783,0.151440329218107,0.7555555555555555,0.018518518518518517
2024,random_forest,0.6804595711947597,0.24370543799547822,0.5759571840263483,2429.0,0.6015490533562823,0.4783861671469741,0.6508728179551122,0.16508851379168382,0.66,0.04116920543433512
2025,random_forest,0.680944965997182,0.24400759415871032,0.5534979423868313,2430.0,0.5995065789473685,0.5004115226337449,0.6536697247706422,0.1794238683127572,0.7019230769230769,0.04279835390946502
