model_name,mean_log_loss,mean_brier_score,mean_accuracy,mean_accuracy_conf_60,mean_coverage_conf_60
random_forest,0.6802403405291694,0.24361886676710745,0.5662115182288093,0.6528906266388179,0.18448200499113082
random_forest_shallow,0.6804341159216565,0.2437168569911996,0.5664165595081381,0.6687552140930872,0.13077186330468432
extra_trees,0.682279921167849,0.2446132198608839,0.5583905974956247,0.6751407940874996,0.0715071825862732
logistic,0.6896518873451871,0.2473411253902494,0.5650777132285297,0.6081847162510898,0.4098071231196431
