holdout_season,model_name,log_loss,brier_score,accuracy,n_games,accuracy_conf_55,coverage_conf_55,accuracy_conf_60,coverage_conf_60,accuracy_conf_65,coverage_conf_65
2025,random_forest,0.6819360949369284,0.24448412584828294,0.5590230664857531,737.0,0.5808383233532934,0.4531886024423338,0.6666666666666666,0.11804613297150611,0.7647058823529411,0.023066485753052916
2026,random_forest,0.6912740628257149,0.2491233193530477,0.5109489051094891,274.0,0.5564516129032258,0.45255474452554745,0.675,0.145985401459854,0.7,0.0364963503649635
