holdout_season,model_name,log_loss,brier_score,accuracy,n_games,accuracy_conf_55,coverage_conf_55,accuracy_conf_60,coverage_conf_60,accuracy_conf_65,coverage_conf_65
2025,random_forest,0.6819360949369284,0.24448412584828294,0.5590230664857531,737.0,0.5808383233532934,0.4531886024423338,0.6666666666666666,0.11804613297150611,0.7647058823529411,0.023066485753052916
2025,elo,0.7099919486939302,0.25693864808026246,0.5495251017639078,737.0,0.554954954954955,0.7530529172320217,0.5454545454545454,0.5074626865671642,0.5700934579439252,0.2903663500678426
2025,logistic,0.7550300815541607,0.27445620998222925,0.49796472184531887,737.0,0.4930313588850174,0.7788331071913162,0.5058823529411764,0.576662143826323,0.5264900662251656,0.4097693351424695
2026,random_forest,0.6912740628257149,0.2491233193530477,0.5109489051094891,274.0,0.5564516129032258,0.45255474452554745,0.675,0.145985401459854,0.7,0.0364963503649635
2026,elo,0.7204302484645332,0.26226720127178244,0.5109489051094891,274.0,0.5279187817258884,0.718978102189781,0.5217391304347826,0.5036496350364964,0.5119047619047619,0.30656934306569344
2026,logistic,0.7361373969834507,0.26886761157730077,0.5145985401459854,274.0,0.5125628140703518,0.7262773722627737,0.4744525547445255,0.5,0.5342465753424658,0.2664233576642336
