holdout_season,model_name,log_loss,brier_score,accuracy,n_games,accuracy_conf_55,coverage_conf_55,accuracy_conf_60,coverage_conf_60,accuracy_conf_65,coverage_conf_65
2022,random_forest,0.6780190860688468,0.2425006309242745,0.5674897119341564,2430.0,0.6047516198704104,0.571604938271605,0.6429906542056075,0.22016460905349794,0.6397058823529411,0.05596707818930041
2023,random_forest,0.6824991432199682,0.24474752258739932,0.5551440329218107,2430.0,0.5941686367218282,0.5222222222222223,0.639763779527559,0.20905349794238684,0.626984126984127,0.05185185185185185
2024,random_forest,0.6794706317767996,0.24322303701140696,0.5668999588307946,2429.0,0.6066775244299675,0.5055578427336352,0.638477801268499,0.19473034170440512,0.6842105263157895,0.04693289419514203
2025,random_forest,0.6819882264091685,0.24453614708969165,0.5444444444444444,2430.0,0.5872405841660261,0.5353909465020577,0.6432865731462926,0.20534979423868313,0.7,0.06584362139917696
