holdout_season,model_name,log_loss,brier_score,accuracy,n_games,accuracy_conf_55,coverage_conf_55,accuracy_conf_60,coverage_conf_60,accuracy_conf_65,coverage_conf_65
2022,random_forest,0.6780541693658437,0.24252598511833418,0.582716049382716,2430.0,0.60234375,0.5267489711934157,0.6685823754789272,0.21481481481481482,0.6504065040650406,0.050617283950617285
2023,random_forest,0.6834465196490855,0.245195207884928,0.557201646090535,2430.0,0.5922330097087378,0.508641975308642,0.6072874493927125,0.20329218106995886,0.6466165413533834,0.05473251028806585
2024,random_forest,0.6791738363586792,0.24308642056081517,0.5751337999176616,2429.0,0.6047854785478548,0.49897076986414163,0.6263048016701461,0.19720049403046522,0.7027027027027027,0.04569781803211198
2025,random_forest,0.6805915861035282,0.2438315661298851,0.5555555555555556,2430.0,0.60078125,0.5267489711934157,0.6477732793522267,0.20329218106995886,0.704225352112676,0.05843621399176955
