holdout_season,model_name,log_loss,brier_score,accuracy,n_games,accuracy_conf_55,coverage_conf_55,accuracy_conf_60,coverage_conf_60,accuracy_conf_65,coverage_conf_65
2022,random_forest,0.6778683291283254,0.2424381667102903,0.5761316872427984,2430.0,0.6110671936758894,0.5205761316872428,0.6528066528066528,0.1979423868312757,0.6694915254237288,0.048559670781893
2023,random_forest,0.6817111390981749,0.2443657294139352,0.5621399176954732,2430.0,0.583941605839416,0.5074074074074074,0.639412997903564,0.1962962962962963,0.75,0.04609053497942387
2024,random_forest,0.6789274011750701,0.24295837497083778,0.5726636475916015,2429.0,0.6173913043478261,0.4734458624948539,0.6577017114914425,0.16838205022643063,0.6593406593406593,0.037463976945244955
2025,random_forest,0.679730691481685,0.2434048124683492,0.5584362139917696,2430.0,0.6031224322103533,0.5008230452674897,0.6523702031602708,0.18230452674897119,0.7232142857142857,0.04609053497942387
