variant,seed,holdout_season,feature_count,model_name,log_loss,brier_score,accuracy,n_games,accuracy_conf_55,coverage_conf_55,accuracy_conf_60,coverage_conf_60,accuracy_conf_65,coverage_conf_65
baseline,11,2022,207,random_forest_shallow,0.6794091302423944,0.24320149006962946,0.5654320987654321,2430.0,0.6022900763358778,0.5390946502057613,0.6577777777777778,0.18518518518518517,0.6455696202531646,0.03251028806584362
v2_core,11,2022,227,random_forest_shallow,0.6786100933313953,0.24278569255517377,0.5674897119341564,2430.0,0.6106811145510835,0.5316872427983539,0.6230936819172114,0.18888888888888888,0.6568627450980392,0.04197530864197531
