bin,n_games,predicted_home_win_rate,actual_home_win_rate,calibration_error
"(-0.001, 0.1]",0,,,
"(0.1, 0.2]",0,,,
"(0.2, 0.3]",0,,,
"(0.3, 0.4]",44,0.37162634094569635,0.36363636363636365,0.007989977309332708
"(0.4, 0.5]",275,0.46401019893434203,0.4509090909090909,0.013101108025251107
"(0.5, 0.6]",402,0.5398101926637455,0.5597014925373134,-0.019891299873567858
"(0.6, 0.7]",20,0.6149785730391643,0.55,0.06497857303916421
"(0.7, 0.8]",0,,,
"(0.8, 0.9]",0,,,
"(0.9, 1.0]",0,,,
