bin,n_games,predicted_home_win_rate,actual_home_win_rate,calibration_error
"(-0.001, 0.1]",0,,,
"(0.1, 0.2]",0,,,
"(0.2, 0.3]",0,,,
"(0.3, 0.4]",11,0.38443464697424284,0.2727272727272727,0.11170737424697014
"(0.4, 0.5]",308,0.46993047190853193,0.4642857142857143,0.005644757622817631
"(0.5, 0.6]",413,0.531853536376763,0.5423728813559322,-0.010519344979169176
"(0.6, 0.7]",9,0.6100921580712053,0.6666666666666666,-0.056574508595461315
"(0.7, 0.8]",0,,,
"(0.8, 0.9]",0,,,
"(0.9, 1.0]",0,,,
