bin,n_games,predicted_home_win_rate,actual_home_win_rate,calibration_error
"(-0.001, 0.1]",0,,,
"(0.1, 0.2]",0,,,
"(0.2, 0.3]",1,0.2999628996088792,0.0,0.2999628996088792
"(0.3, 0.4]",8,0.3767219683613609,0.5,-0.1232780316386391
"(0.4, 0.5]",136,0.46533462209332055,0.4852941176470588,-0.01995949555373827
"(0.5, 0.6]",129,0.5334690646371468,0.5348837209302325,-0.001414656293085681
"(0.6, 0.7]",0,,,
"(0.7, 0.8]",0,,,
"(0.8, 0.9]",0,,,
"(0.9, 1.0]",0,,,
