bin,n_games,predicted_home_win_rate,actual_home_win_rate,calibration_error
"(-0.001, 0.1]",0,,,
"(0.1, 0.2]",0,,,
"(0.2, 0.3]",0,,,
"(0.3, 0.4]",38,0.38228640022373467,0.39473684210526316,-0.012450441881528496
"(0.4, 0.5]",471,0.4589959858458085,0.47558386411889597,-0.016587878273087497
"(0.5, 0.6]",288,0.5297517628140677,0.5729166666666666,-0.04316490385259897
"(0.6, 0.7]",3,0.6102757223329583,1.0,-0.38972427766704165
"(0.7, 0.8]",0,,,
"(0.8, 0.9]",0,,,
"(0.9, 1.0]",0,,,
