bin,n_games,predicted_home_win_rate,actual_home_win_rate,calibration_error
"(-0.001, 0.1]",0,,,
"(0.1, 0.2]",0,,,
"(0.2, 0.3]",0,,,
"(0.3, 0.4]",37,0.3807327971349839,0.35135135135135137,0.029381445783632554
"(0.4, 0.5]",460,0.4627534017961562,0.4717391304347826,-0.0089857286386264
"(0.5, 0.6]",299,0.5254523826241908,0.5117056856187291,0.013746697005461717
"(0.6, 0.7]",5,0.634182062893849,0.2,0.43418206289384903
"(0.7, 0.8]",0,,,
"(0.8, 0.9]",0,,,
"(0.9, 1.0]",0,,,
