bin,n_games,predicted_home_win_rate,actual_home_win_rate,calibration_error
"(-0.001, 0.1]",0,,,
"(0.1, 0.2]",0,,,
"(0.2, 0.3]",0,,,
"(0.3, 0.4]",29,0.3792470331785782,0.2413793103448276,0.13786772283375062
"(0.4, 0.5]",302,0.4632897961449418,0.4370860927152318,0.026203703429710012
"(0.5, 0.6]",389,0.5370583132330362,0.5578406169665809,-0.020782303733544727
"(0.6, 0.7]",17,0.6157088329039218,0.7647058823529411,-0.14899704944901937
"(0.7, 0.8]",0,,,
"(0.8, 0.9]",0,,,
"(0.9, 1.0]",0,,,
