bin,n_games,predicted_home_win_rate,actual_home_win_rate,calibration_error
"(-0.001, 0.1]",0,,,
"(0.1, 0.2]",0,,,
"(0.2, 0.3]",0,,,
"(0.3, 0.4]",28,0.3754929206938761,0.32142857142857145,0.05406434926530462
"(0.4, 0.5]",262,0.4643327951846203,0.4351145038167939,0.029218291367826388
"(0.5, 0.6]",434,0.537425484118632,0.5622119815668203,-0.024786497448188283
"(0.6, 0.7]",17,0.6130581182075241,0.5294117647058824,0.08364635350164173
"(0.7, 0.8]",0,,,
"(0.8, 0.9]",0,,,
"(0.9, 1.0]",0,,,
