holdout_season,model_name,log_loss,brier_score,accuracy,n_games,accuracy_conf_55,coverage_conf_55,accuracy_conf_60,coverage_conf_60,accuracy_conf_65,coverage_conf_65
2022,random_forest,0.6764239327966582,0.2417167366277901,0.5794238683127572,2430.0,0.6164931945556446,0.5139917695473251,0.6625514403292181,0.2,0.6771653543307087,0.05226337448559671
2023,random_forest,0.6820441735944001,0.24451820891453044,0.557201646090535,2430.0,0.5914239482200647,0.508641975308642,0.631578947368421,0.20329218106995886,0.6527777777777778,0.05925925925925926
2024,random_forest,0.6801408252380905,0.24357484245868805,0.5677233429394812,2429.0,0.607826810990841,0.49444215726636476,0.6390134529147982,0.18361465623713463,0.7009345794392523,0.04405104981473858
2025,random_forest,0.6801441055551056,0.24361728485716297,0.5502057613168724,2430.0,0.5968127490039841,0.5164609053497943,0.6659751037344398,0.19835390946502057,0.6912751677852349,0.06131687242798354
