bin,n_games,predicted_home_win_rate,actual_home_win_rate,calibration_error
"(-0.001, 0.1]",0,,,
"(0.1, 0.2]",0,,,
"(0.2, 0.3]",0,,,
"(0.3, 0.4]",28,0.3624195840213427,0.32142857142857145,0.04099101259277127
"(0.4, 0.5]",288,0.4610672479311007,0.4270833333333333,0.033983914597767395
"(0.5, 0.6]",375,0.5407290283021331,0.5466666666666666,-0.005937638364533537
"(0.6, 0.7]",46,0.6160065674545492,0.6956521739130435,-0.07964560645849428
"(0.7, 0.8]",0,,,
"(0.8, 0.9]",0,,,
"(0.9, 1.0]",0,,,
