bin,n_games,predicted_home_win_rate,actual_home_win_rate,calibration_error
"(-0.001, 0.1]",0,,,
"(0.1, 0.2]",0,,,
"(0.2, 0.3]",0,,,
"(0.3, 0.4]",38,0.3848458230211405,0.42105263157894735,-0.036206808557806835
"(0.4, 0.5]",463,0.4588642726138428,0.4946004319654428,-0.03573615935159996
"(0.5, 0.6]",294,0.5298076713733374,0.5374149659863946,-0.007607294613057203
"(0.6, 0.7]",5,0.6025623956727755,0.8,-0.19743760432722457
"(0.7, 0.8]",0,,,
"(0.8, 0.9]",0,,,
"(0.9, 1.0]",0,,,
