bin,n_games,predicted_home_win_rate,actual_home_win_rate,calibration_error
"(-0.001, 0.1]",0,,,
"(0.1, 0.2]",0,,,
"(0.2, 0.3]",0,,,
"(0.3, 0.4]",44,0.36849838615722946,0.38636363636363635,-0.01786525020640689
"(0.4, 0.5]",265,0.46186211343683076,0.45660377358490567,0.005258339851925087
"(0.5, 0.6]",363,0.5457382336849941,0.5261707988980716,0.019567434786922466
"(0.6, 0.7]",65,0.6281335476857156,0.6153846153846154,0.012748932301100191
"(0.7, 0.8]",0,,,
"(0.8, 0.9]",0,,,
"(0.9, 1.0]",0,,,
