bin,n_games,predicted_home_win_rate,actual_home_win_rate,calibration_error
"(-0.001, 0.1]",0,,,
"(0.1, 0.2]",0,,,
"(0.2, 0.3]",0,,,
"(0.3, 0.4]",18,0.38363618634531443,0.2777777777777778,0.10585840856753664
"(0.4, 0.5]",317,0.4643705249880318,0.43217665615141954,0.03219386883661224
"(0.5, 0.6]",385,0.5391997587291448,0.5584415584415584,-0.019241799712413576
"(0.6, 0.7]",17,0.6153170043597406,0.7058823529411765,-0.09056534858143594
"(0.7, 0.8]",0,,,
"(0.8, 0.9]",0,,,
"(0.9, 1.0]",0,,,
