bin,n_games,predicted_home_win_rate,actual_home_win_rate,calibration_error
"(-0.001, 0.1]",0,,,
"(0.1, 0.2]",0,,,
"(0.2, 0.3]",0,,,
"(0.3, 0.4]",9,0.3885673176132042,0.4444444444444444,-0.05587712683124024
"(0.4, 0.5]",317,0.4699158084527267,0.47318611987381703,-0.003270311421090355
"(0.5, 0.6]",411,0.5281968735141559,0.5352798053527981,-0.00708293183864217
"(0.6, 0.7]",4,0.6125586295768931,0.5,0.11255862957689311
"(0.7, 0.8]",0,,,
"(0.8, 0.9]",0,,,
"(0.9, 1.0]",0,,,
