bin,n_games,predicted_home_win_rate,actual_home_win_rate,calibration_error
"(-0.001, 0.1]",0,,,
"(0.1, 0.2]",0,,,
"(0.2, 0.3]",0,,,
"(0.3, 0.4]",39,0.38109461784925985,0.41025641025641024,-0.02916179240715039
"(0.4, 0.5]",529,0.4632378810371496,0.45746691871455575,0.005770962322593831
"(0.5, 0.6]",228,0.5196895626522564,0.5482456140350878,-0.02855605138283135
"(0.6, 0.7]",5,0.6283466721993185,0.2,0.4283466721993185
"(0.7, 0.8]",0,,,
"(0.8, 0.9]",0,,,
"(0.9, 1.0]",0,,,
