holdout_season,model_name,log_loss,brier_score,accuracy,n_games,accuracy_conf_55,coverage_conf_55,accuracy_conf_60,coverage_conf_60,accuracy_conf_65,coverage_conf_65
2024,logistic,0.6882323862776486,0.24668923925710756,0.5574310415808975,2429.0,0.5832766825288919,0.6055990119390696,0.6027027027027027,0.3046521202140799,0.6392961876832844,0.14038699053108275
2024,elo,0.69670822968179,0.25115542720489775,0.546315356113627,2429.0,0.5545803620405925,0.7505146150679292,0.5822475570032574,0.5055578427336352,0.5984147952443857,0.31165088513791683
