holdout_season,model_name,log_loss,brier_score,accuracy,n_games,accuracy_conf_55,coverage_conf_55,accuracy_conf_60,coverage_conf_60,accuracy_conf_65,coverage_conf_65
2022,random_forest_shallow,0.6855432706615273,0.2462382270902036,0.5480649188514357,801.0,0.5901639344262295,0.3807740324594257,0.6447368421052632,0.09488139825218476,0.6666666666666666,0.003745318352059925
2023,random_forest_shallow,0.6895429372474314,0.24819658722468937,0.5375,800.0,0.5496894409937888,0.4025,0.6292134831460674,0.11125,0.5714285714285714,0.0175
2024,soft_voting,0.6891131497300663,0.24801350859634108,0.5209176788124157,741.0,0.5662100456621004,0.29554655870445345,0.6585365853658537,0.0553306342780027,0.8,0.006747638326585695
2025,random_forest,0.6825163794440678,0.24471611023297293,0.5495251017639078,737.0,0.6153846153846154,0.45861601085481685,0.64,0.13568521031207598,0.52,0.033921302578018994
