model_name,mean_log_loss,mean_brier_score,mean_accuracy,mean_accuracy_conf_60,mean_coverage_conf_60
random_forest_shallow,0.6871141100852141,0.24701040696654997,0.547130219709508,0.6142158726293593,0.092484239100453
extra_trees,0.6885339948581622,0.24771159287755357,0.531487966785804,0.692886396011396,0.026665815235062437
soft_voting,0.6889764385423116,0.24792844769717026,0.5359346424191119,0.613808504807496,0.09880090446125403
random_forest,0.6893802256403976,0.24811917274791492,0.5311668837645805,0.6048266662060916,0.13851455203340624
catboost_lr02,0.7060843165532419,0.25579860214501016,0.5232752772259417,0.5428078135704635,0.3295961901198663
elo,0.7096928583538027,0.25709247640937,0.5340077769168649,0.5511623875975302,0.4890682416832878
logistic,0.7127186992089425,0.2566274795019683,0.5280723869490342,0.5398429745160397,0.33385026242155896
