holdout_season,model_name,log_loss,brier_score,accuracy,n_games,accuracy_conf_55,coverage_conf_55,accuracy_conf_60,coverage_conf_60,accuracy_conf_65,coverage_conf_65
2022,catboost_shallow,0.6777112071353919,0.24228032692872972,0.5839506172839506,2430.0,0.5997295469912103,0.608641975308642,0.6434892541087232,0.32551440329218106,0.6571428571428571,0.12962962962962962
2023,random_forest,0.6817111390981749,0.2443657294139352,0.5621399176954732,2430.0,0.583941605839416,0.5074074074074074,0.639412997903564,0.1962962962962963,0.75,0.04609053497942387
2024,catboost_lr02,0.6781013287537366,0.24261019410510032,0.5664882667764513,2429.0,0.598576512455516,0.5784273363524084,0.6463768115942029,0.28406751749691234,0.6741573033707865,0.10992177850967476
2025,catboost_lr02,0.6792003560084754,0.2431312849221054,0.5633744855967078,2430.0,0.5888962326503635,0.6226337448559671,0.6311584553928096,0.30905349794238685,0.6970684039087948,0.12633744855967077
