model_name,mean_log_loss,mean_brier_score,mean_accuracy,mean_accuracy_conf_60,mean_coverage_conf_60
random_forest,0.6795593902208138,0.24329177089085313,0.5673428666304107,0.6505728913404826,0.18623131502574347
catboost_shallow,0.6800935851307575,0.24353662289707395,0.5630202271252543,0.631409372111648,0.284594457913382
catboost_lr02,0.6807602761110915,0.2438174855756917,0.564770214842261,0.6255449230850502,0.31700453369521575
catboost_l2,0.6815656214483563,0.2441832922742199,0.5633291655866104,0.6187639159249874,0.3304841024181402
catboost,0.6836607490479759,0.24513242171991168,0.563123277204289,0.6099663640492655,0.3720494132117571
