variant,model_name,mean_feature_count,mean_log_loss,mean_log_loss_delta_vs_full,mean_accuracy,mean_accuracy_delta_vs_full
without_low_stability,random_forest,142.5,0.6795209510156177,-3.843920519616684e-05,0.5660050368743933,-0.0013378297560174002
full,random_forest,161.5,0.6795593902208138,0.0,0.5673428666304107,0.0
without_stable,random_forest,148.5,0.6833077517432223,0.003748361522408483,0.5593165234215506,-0.00802634320886006
stable_only,random_forest,13.0,0.6854906775133369,0.005931287292523096,0.5527319918610344,-0.014610874769376253
