bin,n_games,predicted_home_win_rate,actual_home_win_rate,calibration_error
"(-0.001, 0.1]",0,,,
"(0.1, 0.2]",0,,,
"(0.2, 0.3]",0,,,
"(0.3, 0.4]",10,0.37267349653653437,0.0,0.37267349653653437
"(0.4, 0.5]",219,0.46527494691426297,0.4246575342465753,0.04061741266768765
"(0.5, 0.6]",431,0.5460511274346967,0.5290023201856149,0.017048807249081865
"(0.6, 0.7]",77,0.6301232809921846,0.6233766233766234,0.006746657615561258
"(0.7, 0.8]",0,,,
"(0.8, 0.9]",0,,,
"(0.9, 1.0]",0,,,
