variant,model_name,mean_log_loss_delta_vs_baseline,median_log_loss_delta_vs_baseline,log_loss_win_rate_vs_baseline,mean_accuracy_delta_vs_baseline,accuracy_win_rate_vs_baseline
baseline,random_forest,0.0,0.0,0.0,0.0,0.0
run_diff_only,random_forest_shallow,7.785208983037324e-05,0.0002673987985858939,0.3333333333333333,0.0030181714886592568,0.6666666666666666
run_diff_only,random_forest,0.00012197315491141447,0.00018437506433327533,0.4166666666666667,0.002675419499520243,0.75
baseline,random_forest_shallow,0.0005441620867457364,0.0006595623882611479,0.25,0.0028124101717868313,0.75
v2_core,random_forest_shallow,0.0005591533651542376,0.0007674213326952506,0.25,-0.0007548817133617991,0.5
v2_core,random_forest,0.0006053273004898533,0.0006802610359927241,0.16666666666666666,-0.0002743060673469448,0.5
